user_id,email,name,signup_date,region,subscription_tier
u_00000,user_0@yahoo.com,User_0,2023-02-27,LATAM,enterprise
u_00001,user_1@verity.ai,User_1,2023-03-01,LATAM,enterprise
u_00002,user_2@yahoo.com,User_2,2023-10-16,LATAM,premium
u_00003,user_3@outlook.com,User_3,2023-11-29,APAC,premium
u_00004,user_4@gmail.com,User_4,2023-02-03,US,free
u_00005,user_5@verity.ai,User_5,2023-09-26,APAC,basic
u_00006,user_6@verity.ai,User_6,2023-10-13,LATAM,enterprise
u_00007,user_7@yahoo.com,User_7,2023-05-19,LATAM,premium
u_00008,user_8@outlook.com,User_8,2023-02-05,LATAM,premium
u_00009,user_9@yahoo.com,User_9,2023-01-07,APAC,enterprise
u_00010,user_10@yahoo.com,User_10,2023-09-06,EU,free
u_00011,user_11@gmail.com,User_11,2023-06-27,US,premium
u_00012,user_12@yahoo.com,User_12,2023-02-14,LATAM,premium
u_00013,user_13@verity.ai,User_13,2023-03-19,US,basic
u_00014,user_14@gmail.com,User_14,2023-12-04,LATAM,premium
u_00015,user_15@gmail.com,User_15,2023-05-04,LATAM,enterprise
u_00016,user_16@verity.ai,User_16,2023-07-18,US,premium
u_00017,user_17@verity.ai,User_17,2023-03-21,LATAM,enterprise
u_00018,user_18@yahoo.com,User_18,2023-08-03,LATAM,enterprise
u_00019,user_19@verity.ai,User_19,2023-01-16,EU,enterprise
u_00020,user_20@verity.ai,User_20,2023-03-19,LATAM,basic
u_00021,user_21@gmail.com,User_21,2023-12-11,LATAM,basic
u_00022,user_22@outlook.com,User_22,2023-10-26,US,basic
u_00023,user_23@gmail.com,User_23,2023-01-25,APAC,premium
u_00024,user_24@outlook.com,User_24,2023-07-30,EU,premium
u_00025,user_25@verity.ai,User_25,2023-11-16,EU,premium
u_00026,user_26@yahoo.com,User_26,2023-03-01,APAC,basic
u_00027,user_27@gmail.com,User_27,2023-08-02,EU,premium
u_00028,user_28@verity.ai,User_28,2023-09-28,EU,free
u_00029,user_29@verity.ai,User_29,2023-03-13,US,free
u_00030,user_30@yahoo.com,User_30,2023-01-29,EU,enterprise
u_00031,user_31@outlook.com,User_31,2023-05-19,US,enterprise
u_00032,user_32@outlook.com,User_32,2023-10-01,EU,enterprise
u_00033,user_33@outlook.com,User_33,2023-08-24,US,free
u_00034,user_34@yahoo.com,User_34,2023-12-31,EU,basic
u_00035,user_35@verity.ai,User_35,2023-07-25,LATAM,premium
u_00036,user_36@yahoo.com,User_36,2023-04-03,LATAM,enterprise
u_00037,user_37@outlook.com,User_37,2023-08-29,EU,free
u_00038,user_38@yahoo.com,User_38,2023-08-28,APAC,enterprise
u_00039,user_39@yahoo.com,User_39,2023-01-16,LATAM,basic
u_00040,user_40@outlook.com,User_40,2023-07-04,APAC,basic
u_00041,user_41@yahoo.com,User_41,2023-09-15,LATAM,free
u_00042,user_42@yahoo.com,User_42,2023-05-10,LATAM,enterprise
u_00043,user_43@outlook.com,User_43,2023-08-13,EU,enterprise
u_00044,user_44@verity.ai,User_44,2023-05-29,US,premium
u_00045,user_45@verity.ai,User_45,2023-11-28,LATAM,basic
u_00046,user_46@yahoo.com,User_46,2023-09-25,APAC,basic
u_00047,user_47@outlook.com,User_47,2023-07-21,APAC,premium
u_00048,user_48@gmail.com,User_48,2023-05-03,APAC,enterprise
u_00049,user_49@outlook.com,User_49,2023-12-23,EU,enterprise
u_00050,user_50@gmail.com,User_50,2023-02-19,US,free
u_00051,user_51@verity.ai,User_51,2023-01-24,LATAM,enterprise
u_00052,user_52@verity.ai,User_52,2023-01-28,LATAM,basic
u_00053,user_53@gmail.com,User_53,2023-04-25,EU,enterprise
u_00054,user_54@verity.ai,User_54,2023-09-10,EU,basic
u_00055,user_55@verity.ai,User_55,2023-05-04,LATAM,free
u_00056,user_56@outlook.com,User_56,2023-09-08,EU,premium
u_00057,user_57@verity.ai,User_57,2023-05-19,APAC,free
u_00058,user_58@gmail.com,User_58,2023-08-05,LATAM,premium
u_00059,user_59@outlook.com,User_59,2023-05-19,US,free
u_00060,user_60@verity.ai,User_60,2023-05-09,EU,premium
u_00061,user_61@yahoo.com,User_61,2023-07-23,US,basic
u_00062,user_62@outlook.com,User_62,2023-01-08,EU,basic
u_00063,user_63@gmail.com,User_63,2023-05-14,APAC,enterprise
u_00064,user_64@yahoo.com,User_64,2023-06-15,EU,enterprise
u_00065,user_65@gmail.com,User_65,2023-08-13,APAC,enterprise
u_00066,user_66@outlook.com,User_66,2023-04-21,US,basic
u_00067,user_67@verity.ai,User_67,2023-11-11,APAC,enterprise
u_00068,user_68@yahoo.com,User_68,2023-07-18,APAC,basic
u_00069,user_69@gmail.com,User_69,2023-12-21,LATAM,premium
u_00070,user_70@outlook.com,User_70,2023-02-20,EU,basic
u_00071,user_71@outlook.com,User_71,2023-12-30,US,premium
u_00072,user_72@outlook.com,User_72,2023-06-29,LATAM,enterprise
u_00073,user_73@verity.ai,User_73,2023-12-25,LATAM,free
u_00074,user_74@verity.ai,User_74,2023-12-14,APAC,enterprise
u_00075,user_75@outlook.com,User_75,2023-07-28,EU,basic
u_00076,user_76@verity.ai,User_76,2023-12-24,EU,basic
u_00077,user_77@verity.ai,User_77,2023-05-09,LATAM,enterprise
u_00078,user_78@yahoo.com,User_78,2023-02-14,APAC,premium
u_00079,user_79@yahoo.com,User_79,2023-09-29,APAC,free
u_00080,user_80@outlook.com,User_80,2023-02-12,APAC,enterprise
u_00081,user_81@outlook.com,User_81,2023-03-10,EU,free
u_00082,user_82@gmail.com,User_82,2023-08-31,EU,free
u_00083,user_83@gmail.com,User_83,2023-03-23,US,premium
u_00084,user_84@outlook.com,User_84,2023-09-02,LATAM,basic
u_00085,user_85@gmail.com,User_85,2023-04-07,LATAM,enterprise
u_00086,user_86@gmail.com,User_86,2023-01-07,APAC,free
u_00087,user_87@outlook.com,User_87,2023-02-26,EU,premium
u_00088,user_88@outlook.com,User_88,2023-05-14,US,premium
u_00089,user_89@outlook.com,User_89,2023-09-11,APAC,premium
u_00090,user_90@yahoo.com,User_90,2023-11-27,US,free
u_00091,user_91@outlook.com,User_91,2023-09-22,LATAM,premium
u_00092,user_92@verity.ai,User_92,2023-04-21,US,premium
u_00093,user_93@yahoo.com,User_93,2023-05-18,US,basic
u_00094,user_94@yahoo.com,User_94,2023-06-25,US,free
u_00095,user_95@yahoo.com,User_95,2023-08-22,LATAM,premium
u_00096,user_96@outlook.com,User_96,2023-10-20,LATAM,basic
u_00097,user_97@yahoo.com,User_97,2023-08-14,EU,premium
u_00098,user_98@gmail.com,User_98,2023-07-01,APAC,basic
u_00099,user_99@outlook.com,User_99,2023-07-06,US,enterprise
u_00100,user_100@verity.ai,User_100,2023-05-31,APAC,enterprise
u_00101,user_101@gmail.com,User_101,2023-11-06,US,free
u_00102,user_102@verity.ai,User_102,2023-11-24,LATAM,premium
u_00103,user_103@verity.ai,User_103,2023-02-03,US,premium
u_00104,user_104@gmail.com,User_104,2023-02-18,LATAM,premium
u_00105,user_105@gmail.com,User_105,2023-07-26,EU,free
u_00106,user_106@yahoo.com,User_106,2023-09-04,EU,enterprise
u_00107,user_107@verity.ai,User_107,2023-05-10,EU,basic
u_00108,user_108@gmail.com,User_108,2023-07-22,LATAM,basic
u_00109,user_109@gmail.com,User_109,2023-10-22,EU,basic
u_00110,user_110@yahoo.com,User_110,2023-04-20,EU,enterprise
u_00111,user_111@yahoo.com,User_111,2023-12-04,APAC,enterprise
u_00112,user_112@verity.ai,User_112,2023-06-19,EU,premium
u_00113,user_113@gmail.com,User_113,2023-03-17,US,free
u_00114,user_114@yahoo.com,User_114,2023-07-01,LATAM,free
u_00115,user_115@outlook.com,User_115,2023-05-13,APAC,enterprise
u_00116,user_116@outlook.com,User_116,2023-10-14,LATAM,free
u_00117,user_117@gmail.com,User_117,2023-07-10,LATAM,basic
u_00118,user_118@outlook.com,User_118,2023-01-21,LATAM,enterprise
u_00119,user_119@outlook.com,User_119,2023-09-12,LATAM,free
u_00120,user_120@verity.ai,User_120,2023-07-28,APAC,basic
u_00121,user_121@yahoo.com,User_121,2023-08-01,LATAM,free
u_00122,user_122@verity.ai,User_122,2023-12-05,LATAM,free
u_00123,user_123@yahoo.com,User_123,2023-09-17,APAC,enterprise
u_00124,user_124@yahoo.com,User_124,2023-10-29,APAC,premium
u_00125,user_125@yahoo.com,User_125,2023-05-23,US,free
u_00126,user_126@yahoo.com,User_126,2023-04-19,EU,premium
u_00127,user_127@yahoo.com,User_127,2023-05-31,APAC,enterprise
u_00128,user_128@gmail.com,User_128,2023-10-07,US,premium
u_00129,user_129@gmail.com,User_129,2023-11-15,LATAM,basic
u_00130,user_130@gmail.com,User_130,2023-06-04,EU,basic
u_00131,user_131@verity.ai,User_131,2023-08-25,APAC,basic
u_00132,user_132@yahoo.com,User_132,2023-06-23,US,basic
u_00133,user_133@verity.ai,User_133,2023-07-30,EU,premium
u_00134,user_134@yahoo.com,User_134,2023-07-21,US,free
u_00135,user_135@outlook.com,User_135,2023-01-19,LATAM,free
u_00136,user_136@verity.ai,User_136,2023-04-04,US,free
u_00137,user_137@yahoo.com,User_137,2023-03-01,LATAM,basic
u_00138,user_138@yahoo.com,User_138,2023-04-26,US,enterprise
u_00139,user_139@verity.ai,User_139,2023-09-03,APAC,free
u_00140,user_140@yahoo.com,User_140,2023-10-25,LATAM,premium
u_00141,user_141@verity.ai,User_141,2023-10-11,EU,basic
u_00142,user_142@outlook.com,User_142,2023-09-21,EU,basic
u_00143,user_143@gmail.com,User_143,2023-02-26,US,free
u_00144,user_144@gmail.com,User_144,2023-04-13,US,free
u_00145,user_145@yahoo.com,User_145,2023-07-26,EU,basic
u_00146,user_146@verity.ai,User_146,2023-01-10,LATAM,free
u_00147,user_147@outlook.com,User_147,2023-10-25,EU,enterprise
u_00148,user_148@outlook.com,User_148,2023-04-02,LATAM,free
u_00149,user_149@verity.ai,User_149,2023-12-09,APAC,premium
u_00150,user_150@verity.ai,User_150,2023-08-01,LATAM,basic
u_00151,user_151@gmail.com,User_151,2023-08-06,EU,free
u_00152,user_152@outlook.com,User_152,2023-06-09,US,basic
u_00153,user_153@gmail.com,User_153,2023-05-12,US,basic
u_00154,user_154@verity.ai,User_154,2023-03-20,US,basic
u_00155,user_155@outlook.com,User_155,2023-06-14,US,premium
u_00156,user_156@yahoo.com,User_156,2023-10-12,EU,free
u_00157,user_157@yahoo.com,User_157,2023-04-17,APAC,free
u_00158,user_158@gmail.com,User_158,2023-06-28,EU,enterprise
u_00159,user_159@verity.ai,User_159,2023-09-04,EU,enterprise
u_00160,user_160@gmail.com,User_160,2023-08-30,LATAM,enterprise
u_00161,user_161@yahoo.com,User_161,2023-06-15,LATAM,basic
u_00162,user_162@verity.ai,User_162,2023-08-02,LATAM,premium
u_00163,user_163@gmail.com,User_163,2023-09-08,US,free
u_00164,user_164@outlook.com,User_164,2023-10-17,LATAM,enterprise
u_00165,user_165@verity.ai,User_165,2023-10-26,EU,free
u_00166,user_166@gmail.com,User_166,2023-04-25,EU,premium
u_00167,user_167@yahoo.com,User_167,2023-06-05,EU,enterprise
u_00168,user_168@verity.ai,User_168,2023-12-25,US,premium
u_00169,user_169@gmail.com,User_169,2023-08-14,EU,premium
u_00170,user_170@gmail.com,User_170,2023-04-18,EU,premium
u_00171,user_171@verity.ai,User_171,2023-08-09,US,premium
u_00172,user_172@verity.ai,User_172,2023-03-25,US,enterprise
u_00173,user_173@gmail.com,User_173,2023-10-23,LATAM,enterprise
u_00174,user_174@verity.ai,User_174,2023-09-01,LATAM,enterprise
u_00175,user_175@gmail.com,User_175,2023-10-14,EU,enterprise
u_00176,user_176@outlook.com,User_176,2023-09-27,US,basic
u_00177,user_177@yahoo.com,User_177,2023-03-31,APAC,free
u_00178,user_178@outlook.com,User_178,2023-02-28,EU,free
u_00179,user_179@yahoo.com,User_179,2023-04-10,APAC,free
u_00180,user_180@verity.ai,User_180,2023-07-14,LATAM,enterprise
u_00181,user_181@yahoo.com,User_181,2023-06-30,LATAM,premium
u_00182,user_182@verity.ai,User_182,2023-03-19,APAC,basic
u_00183,user_183@outlook.com,User_183,2023-03-23,US,enterprise
u_00184,user_184@verity.ai,User_184,2023-05-18,LATAM,premium
u_00185,user_185@outlook.com,User_185,2023-09-21,APAC,basic
u_00186,user_186@outlook.com,User_186,2023-01-06,APAC,basic
u_00187,user_187@outlook.com,User_187,2023-10-15,APAC,premium
u_00188,user_188@yahoo.com,User_188,2023-02-18,APAC,basic
u_00189,user_189@outlook.com,User_189,2023-06-30,APAC,free
u_00190,user_190@yahoo.com,User_190,2023-08-28,APAC,enterprise
u_00191,user_191@outlook.com,User_191,2023-01-22,US,basic
u_00192,user_192@outlook.com,User_192,2023-07-16,US,enterprise
u_00193,user_193@yahoo.com,User_193,2023-05-20,EU,basic
u_00194,user_194@yahoo.com,User_194,2023-12-25,US,free
u_00195,user_195@verity.ai,User_195,2023-05-03,LATAM,free
u_00196,user_196@outlook.com,User_196,2023-04-04,US,free
u_00197,user_197@yahoo.com,User_197,2023-11-30,APAC,free
u_00198,user_198@outlook.com,User_198,2023-05-03,LATAM,enterprise
u_00199,user_199@outlook.com,User_199,2023-09-15,US,basic
u_00200,user_200@gmail.com,User_200,2023-01-26,US,free
u_00201,user_201@outlook.com,User_201,2023-10-29,EU,enterprise
u_00202,user_202@outlook.com,User_202,2023-11-16,LATAM,free
u_00203,user_203@yahoo.com,User_203,2023-06-03,LATAM,enterprise
u_00204,user_204@gmail.com,User_204,2023-07-05,APAC,free
u_00205,user_205@outlook.com,User_205,2023-08-17,US,enterprise
u_00206,user_206@verity.ai,User_206,2023-01-12,LATAM,premium
u_00207,user_207@yahoo.com,User_207,2023-11-25,US,enterprise
u_00208,user_208@outlook.com,User_208,2023-01-02,EU,free
u_00209,user_209@yahoo.com,User_209,2023-04-18,LATAM,free
u_00210,user_210@yahoo.com,User_210,2023-12-25,APAC,free
u_00211,user_211@verity.ai,User_211,2023-10-10,EU,enterprise
u_00212,user_212@outlook.com,User_212,2023-07-02,US,enterprise
u_00213,user_213@yahoo.com,User_213,2023-09-24,LATAM,enterprise
u_00214,user_214@gmail.com,User_214,2023-07-14,LATAM,basic
u_00215,user_215@gmail.com,User_215,2023-08-17,APAC,premium
u_00216,user_216@gmail.com,User_216,2023-07-30,LATAM,free
u_00217,user_217@outlook.com,User_217,2023-04-06,US,enterprise
u_00218,user_218@outlook.com,User_218,2023-07-14,APAC,basic
u_00219,user_219@verity.ai,User_219,2023-06-25,APAC,premium
u_00220,user_220@gmail.com,User_220,2023-10-24,APAC,basic
u_00221,user_221@outlook.com,User_221,2023-02-07,EU,basic
u_00222,user_222@outlook.com,User_222,2023-07-26,EU,free
u_00223,user_223@verity.ai,User_223,2023-07-11,APAC,free
u_00224,user_224@yahoo.com,User_224,2023-03-05,APAC,enterprise
u_00225,user_225@outlook.com,User_225,2023-04-10,APAC,enterprise
u_00226,user_226@verity.ai,User_226,2023-05-27,APAC,enterprise
u_00227,user_227@verity.ai,User_227,2023-12-23,EU,enterprise
u_00228,user_228@yahoo.com,User_228,2023-07-19,EU,enterprise
u_00229,user_229@yahoo.com,User_229,2023-03-11,US,enterprise
u_00230,user_230@verity.ai,User_230,2023-11-21,APAC,basic
u_00231,user_231@gmail.com,User_231,2023-12-12,EU,free
u_00232,user_232@verity.ai,User_232,2023-04-29,APAC,basic
u_00233,user_233@gmail.com,User_233,2023-06-14,EU,free
u_00234,user_234@verity.ai,User_234,2023-07-27,LATAM,free
u_00235,user_235@yahoo.com,User_235,2023-04-14,EU,basic
u_00236,user_236@yahoo.com,User_236,2023-04-22,APAC,premium
u_00237,user_237@gmail.com,User_237,2023-06-09,LATAM,premium
u_00238,user_238@verity.ai,User_238,2023-12-17,EU,basic
u_00239,user_239@outlook.com,User_239,2023-12-07,APAC,enterprise
u_00240,user_240@gmail.com,User_240,2023-08-08,LATAM,free
u_00241,user_241@verity.ai,User_241,2023-08-08,US,enterprise
u_00242,user_242@yahoo.com,User_242,2023-03-25,EU,enterprise
u_00243,user_243@yahoo.com,User_243,2023-02-09,APAC,basic
u_00244,user_244@yahoo.com,User_244,2023-11-26,APAC,enterprise
u_00245,user_245@yahoo.com,User_245,2023-10-24,APAC,basic
u_00246,user_246@outlook.com,User_246,2023-01-06,US,free
u_00247,user_247@verity.ai,User_247,2023-02-08,EU,free
u_00248,user_248@yahoo.com,User_248,2023-09-30,APAC,enterprise
u_00249,user_249@verity.ai,User_249,2023-03-18,US,enterprise
u_00250,user_250@verity.ai,User_250,2023-05-28,EU,premium
u_00251,user_251@verity.ai,User_251,2023-10-21,APAC,basic
u_00252,user_252@gmail.com,User_252,2023-06-26,LATAM,enterprise
u_00253,user_253@outlook.com,User_253,2023-05-24,APAC,enterprise
u_00254,user_254@verity.ai,User_254,2023-09-16,EU,premium
u_00255,user_255@outlook.com,User_255,2023-05-08,EU,free
u_00256,user_256@outlook.com,User_256,2023-04-06,APAC,enterprise
u_00257,user_257@gmail.com,User_257,2023-08-06,LATAM,premium
u_00258,user_258@yahoo.com,User_258,2023-06-16,LATAM,enterprise
u_00259,user_259@verity.ai,User_259,2023-06-15,US,free
u_00260,user_260@gmail.com,User_260,2023-05-06,APAC,enterprise
u_00261,user_261@yahoo.com,User_261,2023-05-27,LATAM,basic
u_00262,user_262@outlook.com,User_262,2023-05-05,LATAM,enterprise
u_00263,user_263@gmail.com,User_263,2023-09-28,APAC,basic
u_00264,user_264@verity.ai,User_264,2023-08-29,APAC,free
u_00265,user_265@gmail.com,User_265,2023-12-26,US,premium
u_00266,user_266@gmail.com,User_266,2023-11-06,EU,enterprise
u_00267,user_267@verity.ai,User_267,2023-08-27,APAC,basic
u_00268,user_268@verity.ai,User_268,2023-02-19,APAC,basic
u_00269,user_269@yahoo.com,User_269,2023-03-11,EU,free
u_00270,user_270@verity.ai,User_270,2023-01-17,US,basic
u_00271,user_271@verity.ai,User_271,2023-06-17,APAC,basic
u_00272,user_272@verity.ai,User_272,2023-04-01,LATAM,basic
u_00273,user_273@yahoo.com,User_273,2023-10-28,LATAM,premium
u_00274,user_274@outlook.com,User_274,2023-10-25,EU,enterprise
u_00275,user_275@gmail.com,User_275,2023-02-08,EU,premium
u_00276,user_276@yahoo.com,User_276,2023-07-12,APAC,enterprise
u_00277,user_277@yahoo.com,User_277,2023-06-23,EU,basic
u_00278,user_278@outlook.com,User_278,2023-12-01,US,premium
u_00279,user_279@yahoo.com,User_279,2023-11-11,EU,enterprise
u_00280,user_280@yahoo.com,User_280,2023-12-12,APAC,basic
u_00281,user_281@outlook.com,User_281,2023-05-20,US,basic
u_00282,user_282@gmail.com,User_282,2023-10-12,US,basic
u_00283,user_283@verity.ai,User_283,2023-04-11,EU,premium
u_00284,user_284@gmail.com,User_284,2023-04-16,US,free
u_00285,user_285@yahoo.com,User_285,2023-06-26,APAC,premium
u_00286,user_286@gmail.com,User_286,2023-01-04,US,enterprise
u_00287,user_287@gmail.com,User_287,2023-02-27,APAC,enterprise
u_00288,user_288@gmail.com,User_288,2023-11-05,US,basic
u_00289,user_289@verity.ai,User_289,2023-03-27,EU,basic
u_00290,user_290@outlook.com,User_290,2023-10-21,LATAM,enterprise
u_00291,user_291@gmail.com,User_291,2023-03-02,LATAM,enterprise
u_00292,user_292@verity.ai,User_292,2023-09-05,LATAM,basic
u_00293,user_293@verity.ai,User_293,2023-05-01,EU,enterprise
u_00294,user_294@outlook.com,User_294,2023-10-06,EU,premium
u_00295,user_295@verity.ai,User_295,2023-01-08,US,premium
u_00296,user_296@yahoo.com,User_296,2023-03-02,US,basic
u_00297,user_297@verity.ai,User_297,2023-01-22,APAC,enterprise
u_00298,user_298@yahoo.com,User_298,2023-01-02,US,free
u_00299,user_299@outlook.com,User_299,2023-03-05,EU,free
u_00300,user_300@yahoo.com,User_300,2023-08-30,US,free
u_00301,user_301@verity.ai,User_301,2023-12-21,APAC,free
u_00302,user_302@gmail.com,User_302,2023-06-10,EU,basic
u_00303,user_303@verity.ai,User_303,2023-08-13,US,premium
u_00304,user_304@verity.ai,User_304,2023-12-13,APAC,enterprise
u_00305,user_305@gmail.com,User_305,2023-02-11,APAC,enterprise
u_00306,user_306@verity.ai,User_306,2023-10-20,US,basic
u_00307,user_307@verity.ai,User_307,2023-03-10,APAC,premium
u_00308,user_308@gmail.com,User_308,2023-04-29,EU,premium
u_00309,user_309@verity.ai,User_309,2023-05-26,US,premium
u_00310,user_310@yahoo.com,User_310,2023-08-16,APAC,premium
u_00311,user_311@gmail.com,User_311,2023-02-15,LATAM,basic
u_00312,user_312@verity.ai,User_312,2023-06-08,US,free
u_00313,user_313@gmail.com,User_313,2023-08-21,APAC,premium
u_00314,user_314@outlook.com,User_314,2023-04-18,LATAM,enterprise
u_00315,user_315@outlook.com,User_315,2023-08-31,EU,premium
u_00316,user_316@yahoo.com,User_316,2023-10-08,LATAM,basic
u_00317,user_317@verity.ai,User_317,2023-11-03,LATAM,free
u_00318,user_318@gmail.com,User_318,2023-11-24,APAC,free
u_00319,user_319@gmail.com,User_319,2023-01-20,LATAM,free
u_00320,user_320@yahoo.com,User_320,2023-07-29,EU,basic
u_00321,user_321@verity.ai,User_321,2023-12-11,EU,premium
u_00322,user_322@yahoo.com,User_322,2023-07-12,EU,basic
u_00323,user_323@outlook.com,User_323,2023-12-10,LATAM,basic
u_00324,user_324@yahoo.com,User_324,2023-05-15,US,free
u_00325,user_325@verity.ai,User_325,2023-01-25,APAC,enterprise
u_00326,user_326@verity.ai,User_326,2023-05-11,LATAM,basic
u_00327,user_327@outlook.com,User_327,2023-02-19,US,basic
u_00328,user_328@yahoo.com,User_328,2023-09-17,EU,enterprise
u_00329,user_329@yahoo.com,User_329,2023-12-02,EU,basic
u_00330,user_330@verity.ai,User_330,2023-07-30,APAC,basic
u_00331,user_331@verity.ai,User_331,2023-02-21,LATAM,enterprise
u_00332,user_332@yahoo.com,User_332,2023-02-17,LATAM,basic
u_00333,user_333@yahoo.com,User_333,2023-08-23,APAC,basic
u_00334,user_334@verity.ai,User_334,2023-12-16,APAC,enterprise
u_00335,user_335@verity.ai,User_335,2023-09-09,US,free
u_00336,user_336@yahoo.com,User_336,2023-05-24,APAC,basic
u_00337,user_337@outlook.com,User_337,2023-09-19,LATAM,free
u_00338,user_338@verity.ai,User_338,2023-02-23,LATAM,free
u_00339,user_339@gmail.com,User_339,2023-03-08,APAC,basic
u_00340,user_340@verity.ai,User_340,2023-06-26,APAC,enterprise
u_00341,user_341@outlook.com,User_341,2023-10-28,EU,basic
u_00342,user_342@outlook.com,User_342,2023-06-11,LATAM,basic
u_00343,user_343@gmail.com,User_343,2023-07-30,US,enterprise
u_00344,user_344@verity.ai,User_344,2023-03-14,APAC,enterprise
u_00345,user_345@outlook.com,User_345,2023-12-24,US,free
u_00346,user_346@outlook.com,User_346,2023-06-27,LATAM,basic
u_00347,user_347@outlook.com,User_347,2023-12-04,LATAM,enterprise
u_00348,user_348@yahoo.com,User_348,2023-11-11,US,basic
u_00349,user_349@gmail.com,User_349,2023-01-16,EU,basic
u_00350,user_350@yahoo.com,User_350,2023-10-29,LATAM,free
u_00351,user_351@outlook.com,User_351,2023-02-18,LATAM,basic
u_00352,user_352@verity.ai,User_352,2023-01-11,EU,free
u_00353,user_353@outlook.com,User_353,2023-06-29,APAC,free
u_00354,user_354@gmail.com,User_354,2023-07-05,US,enterprise
u_00355,user_355@gmail.com,User_355,2023-10-02,EU,premium
u_00356,user_356@outlook.com,User_356,2023-08-01,LATAM,free
u_00357,user_357@gmail.com,User_357,2023-12-31,APAC,premium
u_00358,user_358@gmail.com,User_358,2023-02-04,US,free
u_00359,user_359@yahoo.com,User_359,2023-06-30,LATAM,premium
u_00360,user_360@gmail.com,User_360,2023-11-04,LATAM,basic
u_00361,user_361@verity.ai,User_361,2023-08-30,LATAM,free
u_00362,user_362@yahoo.com,User_362,2023-04-25,LATAM,enterprise
u_00363,user_363@gmail.com,User_363,2023-03-31,EU,free
u_00364,user_364@gmail.com,User_364,2023-05-04,US,enterprise
u_00365,user_365@yahoo.com,User_365,2023-09-03,EU,basic
u_00366,user_366@outlook.com,User_366,2023-12-15,EU,free
u_00367,user_367@yahoo.com,User_367,2023-09-05,APAC,enterprise
u_00368,user_368@yahoo.com,User_368,2023-12-10,US,enterprise
u_00369,user_369@yahoo.com,User_369,2023-08-25,APAC,free
u_00370,user_370@verity.ai,User_370,2023-03-09,EU,premium
u_00371,user_371@outlook.com,User_371,2023-05-08,US,basic
u_00372,user_372@verity.ai,User_372,2023-04-13,APAC,free
u_00373,user_373@outlook.com,User_373,2023-06-04,EU,premium
u_00374,user_374@gmail.com,User_374,2023-02-15,LATAM,premium
u_00375,user_375@gmail.com,User_375,2023-12-16,EU,basic
u_00376,user_376@gmail.com,User_376,2023-12-23,US,basic
u_00377,user_377@verity.ai,User_377,2023-12-05,US,premium
u_00378,user_378@outlook.com,User_378,2023-04-29,EU,premium
u_00379,user_379@outlook.com,User_379,2023-07-04,EU,premium
u_00380,user_380@yahoo.com,User_380,2023-09-07,EU,premium
u_00381,user_381@verity.ai,User_381,2023-02-12,LATAM,free
u_00382,user_382@yahoo.com,User_382,2023-11-19,APAC,enterprise
u_00383,user_383@verity.ai,User_383,2023-02-05,EU,premium
u_00384,user_384@gmail.com,User_384,2023-11-09,LATAM,enterprise
u_00385,user_385@gmail.com,User_385,2023-10-13,US,premium
u_00386,user_386@gmail.com,User_386,2023-05-22,US,free
u_00387,user_387@yahoo.com,User_387,2023-01-04,EU,premium
u_00388,user_388@gmail.com,User_388,2023-09-18,APAC,enterprise
u_00389,user_389@verity.ai,User_389,2023-04-10,EU,enterprise
u_00390,user_390@outlook.com,User_390,2023-10-04,APAC,basic
u_00391,user_391@outlook.com,User_391,2023-02-05,APAC,free
u_00392,user_392@yahoo.com,User_392,2023-10-06,APAC,enterprise
u_00393,user_393@yahoo.com,User_393,2023-08-10,APAC,basic
u_00394,user_394@yahoo.com,User_394,2023-10-04,LATAM,basic
u_00395,user_395@verity.ai,User_395,2023-04-08,EU,free
u_00396,user_396@gmail.com,User_396,2023-06-15,LATAM,free
u_00397,user_397@yahoo.com,User_397,2023-04-29,US,enterprise
u_00398,user_398@gmail.com,User_398,2023-03-02,LATAM,enterprise
u_00399,user_399@gmail.com,User_399,2023-11-03,APAC,enterprise
u_00400,user_400@yahoo.com,User_400,2023-07-29,EU,premium
u_00401,user_401@gmail.com,User_401,2023-03-28,APAC,enterprise
u_00402,user_402@outlook.com,User_402,2023-11-21,EU,basic
u_00403,user_403@outlook.com,User_403,2023-06-08,APAC,enterprise
u_00404,user_404@outlook.com,User_404,2023-05-08,LATAM,free
u_00405,user_405@outlook.com,User_405,2023-06-29,LATAM,premium
u_00406,user_406@gmail.com,User_406,2023-05-11,LATAM,free
u_00407,user_407@gmail.com,User_407,2023-02-08,APAC,enterprise
u_00408,user_408@verity.ai,User_408,2023-09-11,LATAM,basic
u_00409,user_409@yahoo.com,User_409,2023-03-25,LATAM,enterprise
u_00410,user_410@gmail.com,User_410,2023-03-23,EU,free
u_00411,user_411@gmail.com,User_411,2023-02-19,APAC,enterprise
u_00412,user_412@gmail.com,User_412,2023-02-18,LATAM,premium
u_00413,user_413@gmail.com,User_413,2023-07-16,US,free
u_00414,user_414@verity.ai,User_414,2023-05-23,LATAM,premium
u_00415,user_415@outlook.com,User_415,2023-12-31,LATAM,premium
u_00416,user_416@yahoo.com,User_416,2023-04-23,EU,premium
u_00417,user_417@verity.ai,User_417,2023-01-28,US,premium
u_00418,user_418@verity.ai,User_418,2023-09-19,LATAM,free
u_00419,user_419@gmail.com,User_419,2023-01-02,US,enterprise
u_00420,user_420@verity.ai,User_420,2023-10-26,APAC,premium
u_00421,user_421@outlook.com,User_421,2023-02-24,APAC,enterprise
u_00422,user_422@yahoo.com,User_422,2023-12-17,EU,basic
u_00423,user_423@outlook.com,User_423,2023-04-08,APAC,free
u_00424,user_424@outlook.com,User_424,2023-03-27,APAC,free
u_00425,user_425@yahoo.com,User_425,2023-08-27,LATAM,free
u_00426,user_426@gmail.com,User_426,2023-04-24,LATAM,premium
u_00427,user_427@verity.ai,User_427,2023-06-14,EU,basic
u_00428,user_428@verity.ai,User_428,2023-07-21,EU,free
u_00429,user_429@verity.ai,User_429,2023-10-18,US,free
u_00430,user_430@verity.ai,User_430,2023-03-31,APAC,premium
u_00431,user_431@verity.ai,User_431,2023-02-02,LATAM,enterprise
u_00432,user_432@yahoo.com,User_432,2023-09-05,LATAM,premium
u_00433,user_433@yahoo.com,User_433,2023-07-19,APAC,basic
u_00434,user_434@verity.ai,User_434,2023-03-06,US,enterprise
u_00435,user_435@gmail.com,User_435,2023-01-18,APAC,enterprise
u_00436,user_436@yahoo.com,User_436,2023-03-01,APAC,premium
u_00437,user_437@verity.ai,User_437,2023-03-08,LATAM,basic
u_00438,user_438@outlook.com,User_438,2023-11-28,APAC,enterprise
u_00439,user_439@outlook.com,User_439,2023-09-05,LATAM,premium
u_00440,user_440@gmail.com,User_440,2023-06-25,APAC,basic
u_00441,user_441@yahoo.com,User_441,2023-10-10,US,enterprise
u_00442,user_442@outlook.com,User_442,2023-06-15,US,basic
u_00443,user_443@gmail.com,User_443,2023-04-05,LATAM,enterprise
u_00444,user_444@outlook.com,User_444,2023-05-05,US,free
u_00445,user_445@gmail.com,User_445,2023-12-16,US,enterprise
u_00446,user_446@verity.ai,User_446,2023-01-30,EU,free
u_00447,user_447@gmail.com,User_447,2023-08-13,LATAM,enterprise
u_00448,user_448@outlook.com,User_448,2023-05-23,LATAM,free
u_00449,user_449@yahoo.com,User_449,2023-01-18,APAC,basic
u_00450,user_450@yahoo.com,User_450,2023-11-04,LATAM,free
u_00451,user_451@outlook.com,User_451,2023-12-18,APAC,premium
u_00452,user_452@verity.ai,User_452,2023-01-29,EU,premium
u_00453,user_453@outlook.com,User_453,2023-12-18,APAC,premium
u_00454,user_454@gmail.com,User_454,2023-06-03,LATAM,free
u_00455,user_455@yahoo.com,User_455,2023-02-25,EU,basic
u_00456,user_456@outlook.com,User_456,2023-07-13,APAC,free
u_00457,user_457@verity.ai,User_457,2023-11-11,LATAM,enterprise
u_00458,user_458@outlook.com,User_458,2023-01-27,US,basic
u_00459,user_459@gmail.com,User_459,2023-11-11,US,enterprise
u_00460,user_460@verity.ai,User_460,2023-03-28,EU,enterprise
u_00461,user_461@yahoo.com,User_461,2023-01-01,EU,basic
u_00462,user_462@outlook.com,User_462,2023-03-09,EU,enterprise
u_00463,user_463@yahoo.com,User_463,2023-02-14,LATAM,free
u_00464,user_464@outlook.com,User_464,2023-02-04,EU,enterprise
u_00465,user_465@yahoo.com,User_465,2023-11-13,APAC,premium
u_00466,user_466@verity.ai,User_466,2023-06-10,EU,basic
u_00467,user_467@outlook.com,User_467,2023-11-18,US,basic
u_00468,user_468@verity.ai,User_468,2023-06-25,US,enterprise
u_00469,user_469@gmail.com,User_469,2023-03-26,APAC,free
u_00470,user_470@gmail.com,User_470,2023-08-27,US,free
u_00471,user_471@gmail.com,User_471,2023-05-06,EU,basic
u_00472,user_472@yahoo.com,User_472,2023-08-05,EU,enterprise
u_00473,user_473@outlook.com,User_473,2023-04-03,US,free
u_00474,user_474@outlook.com,User_474,2023-05-16,LATAM,basic
u_00475,user_475@outlook.com,User_475,2023-04-26,APAC,basic
u_00476,user_476@gmail.com,User_476,2023-12-28,LATAM,enterprise
u_00477,user_477@outlook.com,User_477,2023-03-16,LATAM,enterprise
u_00478,user_478@yahoo.com,User_478,2023-09-06,US,basic
u_00479,user_479@yahoo.com,User_479,2023-04-27,APAC,enterprise
u_00480,user_480@verity.ai,User_480,2023-08-02,LATAM,premium
u_00481,user_481@verity.ai,User_481,2023-02-19,US,free
u_00482,user_482@outlook.com,User_482,2023-10-06,EU,free
u_00483,user_483@outlook.com,User_483,2023-05-26,US,free
u_00484,user_484@gmail.com,User_484,2023-02-17,APAC,free
u_00485,user_485@yahoo.com,User_485,2023-06-06,LATAM,basic
u_00486,user_486@outlook.com,User_486,2023-11-24,APAC,premium
u_00487,user_487@outlook.com,User_487,2023-08-15,US,enterprise
u_00488,user_488@gmail.com,User_488,2023-06-23,US,basic
u_00489,user_489@yahoo.com,User_489,2023-10-17,LATAM,free
u_00490,user_490@gmail.com,User_490,2023-01-15,US,enterprise
u_00491,user_491@gmail.com,User_491,2023-01-02,LATAM,free
u_00492,user_492@outlook.com,User_492,2023-06-27,EU,basic
u_00493,user_493@outlook.com,User_493,2023-01-18,LATAM,basic
u_00494,user_494@gmail.com,User_494,2023-03-01,LATAM,basic
u_00495,user_495@outlook.com,User_495,2023-01-30,EU,basic
u_00496,user_496@outlook.com,User_496,2023-05-25,US,basic
u_00497,user_497@verity.ai,User_497,2023-09-26,US,basic
u_00498,user_498@outlook.com,User_498,2023-12-13,EU,basic
u_00499,user_499@outlook.com,User_499,2023-10-04,APAC,premium
u_00500,user_500@gmail.com,User_500,2023-09-08,US,free
u_00501,user_501@verity.ai,User_501,2023-06-06,EU,free
u_00502,user_502@gmail.com,User_502,2023-12-21,APAC,free
u_00503,user_503@gmail.com,User_503,2023-04-01,LATAM,free
u_00504,user_504@outlook.com,User_504,2023-11-21,US,premium
u_00505,user_505@yahoo.com,User_505,2023-10-06,APAC,enterprise
u_00506,user_506@yahoo.com,User_506,2023-12-12,EU,enterprise
u_00507,user_507@verity.ai,User_507,2023-07-26,APAC,free
u_00508,user_508@outlook.com,User_508,2023-04-17,LATAM,free
u_00509,user_509@verity.ai,User_509,2023-12-18,US,basic
u_00510,user_510@outlook.com,User_510,2023-01-15,APAC,premium
u_00511,user_511@outlook.com,User_511,2023-09-20,EU,free
u_00512,user_512@verity.ai,User_512,2023-12-31,APAC,premium
u_00513,user_513@outlook.com,User_513,2023-01-30,EU,enterprise
u_00514,user_514@verity.ai,User_514,2023-10-18,US,premium
u_00515,user_515@verity.ai,User_515,2023-12-26,APAC,basic
u_00516,user_516@verity.ai,User_516,2023-02-23,EU,basic
u_00517,user_517@gmail.com,User_517,2023-04-01,LATAM,free
u_00518,user_518@outlook.com,User_518,2023-03-19,US,enterprise
u_00519,user_519@outlook.com,User_519,2023-05-05,US,premium
u_00520,user_520@outlook.com,User_520,2023-05-03,APAC,free
u_00521,user_521@gmail.com,User_521,2023-04-13,LATAM,basic
u_00522,user_522@verity.ai,User_522,2023-09-13,EU,enterprise
u_00523,user_523@yahoo.com,User_523,2023-03-20,US,free
u_00524,user_524@outlook.com,User_524,2023-04-30,EU,free
u_00525,user_525@outlook.com,User_525,2023-09-05,APAC,enterprise
u_00526,user_526@verity.ai,User_526,2023-05-28,EU,premium
u_00527,user_527@yahoo.com,User_527,2023-06-16,US,premium
u_00528,user_528@gmail.com,User_528,2023-03-26,EU,basic
u_00529,user_529@yahoo.com,User_529,2023-08-08,LATAM,free
u_00530,user_530@yahoo.com,User_530,2023-06-23,LATAM,enterprise
u_00531,user_531@gmail.com,User_531,2023-03-16,APAC,basic
u_00532,user_532@verity.ai,User_532,2023-07-30,APAC,free
u_00533,user_533@gmail.com,User_533,2023-08-22,US,enterprise
u_00534,user_534@yahoo.com,User_534,2023-12-21,EU,enterprise
u_00535,user_535@gmail.com,User_535,2023-04-27,APAC,premium
u_00536,user_536@yahoo.com,User_536,2023-07-30,LATAM,basic
u_00537,user_537@outlook.com,User_537,2023-08-16,LATAM,basic
u_00538,user_538@gmail.com,User_538,2023-12-11,LATAM,premium
u_00539,user_539@yahoo.com,User_539,2023-12-27,APAC,premium
u_00540,user_540@verity.ai,User_540,2023-08-14,LATAM,enterprise
u_00541,user_541@outlook.com,User_541,2023-09-11,EU,premium
u_00542,user_542@yahoo.com,User_542,2023-07-22,US,basic
u_00543,user_543@yahoo.com,User_543,2023-11-28,APAC,premium
u_00544,user_544@yahoo.com,User_544,2023-10-20,US,enterprise
u_00545,user_545@outlook.com,User_545,2023-12-11,APAC,enterprise
u_00546,user_546@gmail.com,User_546,2023-04-19,APAC,enterprise
u_00547,user_547@outlook.com,User_547,2023-11-15,US,premium
u_00548,user_548@verity.ai,User_548,2023-12-16,US,premium
u_00549,user_549@verity.ai,User_549,2023-12-18,EU,free
u_00550,user_550@outlook.com,User_550,2023-05-27,APAC,premium
u_00551,user_551@verity.ai,User_551,2023-05-05,US,enterprise
u_00552,user_552@gmail.com,User_552,2023-05-31,APAC,premium
u_00553,user_553@outlook.com,User_553,2023-11-10,LATAM,basic
u_00554,user_554@yahoo.com,User_554,2023-03-06,EU,basic
u_00555,user_555@verity.ai,User_555,2023-09-26,LATAM,enterprise
u_00556,user_556@yahoo.com,User_556,2023-05-25,LATAM,premium
u_00557,user_557@verity.ai,User_557,2023-10-10,LATAM,enterprise
u_00558,user_558@verity.ai,User_558,2023-03-05,LATAM,free
u_00559,user_559@gmail.com,User_559,2023-05-10,EU,free
u_00560,user_560@outlook.com,User_560,2023-03-07,US,enterprise
u_00561,user_561@yahoo.com,User_561,2023-01-16,APAC,basic
u_00562,user_562@gmail.com,User_562,2023-12-16,US,basic
u_00563,user_563@gmail.com,User_563,2023-11-05,APAC,enterprise
u_00564,user_564@outlook.com,User_564,2023-10-27,EU,premium
u_00565,user_565@outlook.com,User_565,2023-04-13,APAC,enterprise
u_00566,user_566@gmail.com,User_566,2023-05-17,APAC,free
u_00567,user_567@verity.ai,User_567,2023-09-12,US,enterprise
u_00568,user_568@gmail.com,User_568,2023-08-18,LATAM,basic
u_00569,user_569@yahoo.com,User_569,2023-01-29,US,free
u_00570,user_570@gmail.com,User_570,2023-07-16,LATAM,enterprise
u_00571,user_571@verity.ai,User_571,2023-01-09,EU,premium
u_00572,user_572@verity.ai,User_572,2023-04-28,EU,enterprise
u_00573,user_573@yahoo.com,User_573,2023-03-15,APAC,enterprise
u_00574,user_574@outlook.com,User_574,2023-02-10,LATAM,premium
u_00575,user_575@verity.ai,User_575,2023-01-20,LATAM,premium
u_00576,user_576@verity.ai,User_576,2023-04-17,US,enterprise
u_00577,user_577@gmail.com,User_577,2023-12-26,APAC,premium
u_00578,user_578@outlook.com,User_578,2023-10-19,LATAM,free
u_00579,user_579@yahoo.com,User_579,2023-05-16,US,enterprise
u_00580,user_580@yahoo.com,User_580,2023-02-06,APAC,basic
u_00581,user_581@verity.ai,User_581,2023-08-09,LATAM,enterprise
u_00582,user_582@gmail.com,User_582,2023-12-11,LATAM,free
u_00583,user_583@verity.ai,User_583,2023-08-17,LATAM,basic
u_00584,user_584@gmail.com,User_584,2023-04-02,US,basic
u_00585,user_585@yahoo.com,User_585,2023-03-19,US,premium
u_00586,user_586@outlook.com,User_586,2023-10-09,APAC,basic
u_00587,user_587@outlook.com,User_587,2023-04-04,EU,premium
u_00588,user_588@verity.ai,User_588,2023-05-10,APAC,basic
u_00589,user_589@verity.ai,User_589,2023-09-16,EU,premium
u_00590,user_590@outlook.com,User_590,2023-06-01,LATAM,basic
u_00591,user_591@verity.ai,User_591,2023-11-21,APAC,basic
u_00592,user_592@yahoo.com,User_592,2023-02-10,LATAM,basic
u_00593,user_593@verity.ai,User_593,2023-01-10,US,basic
u_00594,user_594@gmail.com,User_594,2023-04-23,US,basic
u_00595,user_595@outlook.com,User_595,2023-11-04,EU,basic
u_00596,user_596@outlook.com,User_596,2023-11-15,US,free
u_00597,user_597@outlook.com,User_597,2023-12-16,US,free
u_00598,user_598@verity.ai,User_598,2023-05-19,EU,premium
u_00599,user_599@yahoo.com,User_599,2023-07-14,EU,free
u_00600,user_600@yahoo.com,User_600,2023-03-30,EU,enterprise
u_00601,user_601@yahoo.com,User_601,2023-01-11,LATAM,enterprise
u_00602,user_602@gmail.com,User_602,2023-08-29,US,premium
u_00603,user_603@outlook.com,User_603,2023-11-06,US,free
u_00604,user_604@gmail.com,User_604,2023-06-02,APAC,free
u_00605,user_605@verity.ai,User_605,2023-02-25,APAC,premium
u_00606,user_606@outlook.com,User_606,2023-12-03,LATAM,free
u_00607,user_607@yahoo.com,User_607,2023-02-05,LATAM,premium
u_00608,user_608@verity.ai,User_608,2023-11-03,APAC,premium
u_00609,user_609@gmail.com,User_609,2023-04-29,LATAM,free
u_00610,user_610@verity.ai,User_610,2023-04-13,US,free
u_00611,user_611@yahoo.com,User_611,2023-11-10,LATAM,premium
u_00612,user_612@outlook.com,User_612,2023-06-15,EU,enterprise
u_00613,user_613@verity.ai,User_613,2023-12-03,EU,free
u_00614,user_614@gmail.com,User_614,2023-06-02,APAC,basic
u_00615,user_615@outlook.com,User_615,2023-02-16,EU,enterprise
u_00616,user_616@verity.ai,User_616,2023-05-14,EU,free
u_00617,user_617@yahoo.com,User_617,2023-05-04,LATAM,enterprise
u_00618,user_618@verity.ai,User_618,2023-04-02,APAC,basic
u_00619,user_619@gmail.com,User_619,2023-10-10,LATAM,enterprise
u_00620,user_620@yahoo.com,User_620,2023-08-29,EU,enterprise
u_00621,user_621@verity.ai,User_621,2023-11-05,LATAM,enterprise
u_00622,user_622@outlook.com,User_622,2023-07-11,US,enterprise
u_00623,user_623@verity.ai,User_623,2023-06-19,US,basic
u_00624,user_624@verity.ai,User_624,2023-04-16,US,premium
u_00625,user_625@gmail.com,User_625,2023-08-01,APAC,free
u_00626,user_626@gmail.com,User_626,2023-11-09,LATAM,free
u_00627,user_627@verity.ai,User_627,2023-04-01,APAC,enterprise
u_00628,user_628@verity.ai,User_628,2023-08-05,US,free
u_00629,user_629@verity.ai,User_629,2023-05-16,LATAM,basic
u_00630,user_630@gmail.com,User_630,2023-12-08,LATAM,free
u_00631,user_631@outlook.com,User_631,2023-03-20,EU,free
u_00632,user_632@gmail.com,User_632,2023-04-09,EU,free
u_00633,user_633@gmail.com,User_633,2023-11-18,APAC,enterprise
u_00634,user_634@outlook.com,User_634,2023-10-05,APAC,basic
u_00635,user_635@outlook.com,User_635,2023-12-09,EU,enterprise
u_00636,user_636@yahoo.com,User_636,2023-02-20,APAC,free
u_00637,user_637@yahoo.com,User_637,2023-08-04,LATAM,free
u_00638,user_638@verity.ai,User_638,2023-06-12,EU,enterprise
u_00639,user_639@yahoo.com,User_639,2023-07-18,US,basic
u_00640,user_640@yahoo.com,User_640,2023-12-18,US,premium
u_00641,user_641@gmail.com,User_641,2023-10-26,EU,basic
u_00642,user_642@verity.ai,User_642,2023-01-22,LATAM,free
u_00643,user_643@yahoo.com,User_643,2023-07-23,APAC,premium
u_00644,user_644@outlook.com,User_644,2023-06-13,APAC,enterprise
u_00645,user_645@outlook.com,User_645,2023-11-20,APAC,basic
u_00646,user_646@gmail.com,User_646,2023-07-16,LATAM,basic
u_00647,user_647@yahoo.com,User_647,2023-09-08,EU,free
u_00648,user_648@outlook.com,User_648,2023-09-21,APAC,enterprise
u_00649,user_649@gmail.com,User_649,2023-01-11,EU,free
u_00650,user_650@verity.ai,User_650,2023-08-19,APAC,enterprise
u_00651,user_651@yahoo.com,User_651,2023-04-01,EU,premium
u_00652,user_652@yahoo.com,User_652,2023-01-19,APAC,enterprise
u_00653,user_653@gmail.com,User_653,2023-02-23,LATAM,premium
u_00654,user_654@gmail.com,User_654,2023-10-27,EU,enterprise
u_00655,user_655@yahoo.com,User_655,2023-09-20,APAC,enterprise
u_00656,user_656@verity.ai,User_656,2023-03-12,EU,premium
u_00657,user_657@yahoo.com,User_657,2023-08-14,US,premium
u_00658,user_658@outlook.com,User_658,2023-09-10,EU,basic
u_00659,user_659@yahoo.com,User_659,2023-12-10,US,enterprise
u_00660,user_660@gmail.com,User_660,2023-03-16,LATAM,free
u_00661,user_661@yahoo.com,User_661,2023-01-06,LATAM,free
u_00662,user_662@gmail.com,User_662,2023-06-06,APAC,free
u_00663,user_663@verity.ai,User_663,2023-12-02,US,basic
u_00664,user_664@verity.ai,User_664,2023-06-12,LATAM,free
u_00665,user_665@gmail.com,User_665,2023-10-11,EU,free
u_00666,user_666@gmail.com,User_666,2023-08-13,US,free
u_00667,user_667@verity.ai,User_667,2023-01-15,LATAM,free
u_00668,user_668@gmail.com,User_668,2023-06-17,US,enterprise
u_00669,user_669@verity.ai,User_669,2023-08-13,APAC,free
u_00670,user_670@yahoo.com,User_670,2023-10-13,APAC,basic
u_00671,user_671@gmail.com,User_671,2023-07-26,APAC,basic
u_00672,user_672@outlook.com,User_672,2023-08-01,US,enterprise
u_00673,user_673@verity.ai,User_673,2023-08-05,US,free
u_00674,user_674@outlook.com,User_674,2023-04-26,LATAM,enterprise
u_00675,user_675@gmail.com,User_675,2023-11-15,APAC,free
u_00676,user_676@verity.ai,User_676,2023-01-17,US,premium
u_00677,user_677@outlook.com,User_677,2023-06-07,US,premium
u_00678,user_678@gmail.com,User_678,2023-10-26,LATAM,basic
u_00679,user_679@yahoo.com,User_679,2023-07-21,EU,basic
u_00680,user_680@yahoo.com,User_680,2023-07-09,US,premium
u_00681,user_681@yahoo.com,User_681,2023-05-18,APAC,basic
u_00682,user_682@outlook.com,User_682,2023-12-06,US,free
u_00683,user_683@verity.ai,User_683,2023-08-22,EU,enterprise
u_00684,user_684@gmail.com,User_684,2023-12-20,APAC,basic
u_00685,user_685@verity.ai,User_685,2023-06-05,US,enterprise
u_00686,user_686@outlook.com,User_686,2023-01-30,EU,basic
u_00687,user_687@outlook.com,User_687,2023-03-17,APAC,premium
u_00688,user_688@verity.ai,User_688,2023-07-12,APAC,basic
u_00689,user_689@gmail.com,User_689,2023-10-14,APAC,basic
u_00690,user_690@verity.ai,User_690,2023-10-01,APAC,premium
u_00691,user_691@gmail.com,User_691,2023-02-19,APAC,premium
u_00692,user_692@yahoo.com,User_692,2023-01-22,US,free
u_00693,user_693@gmail.com,User_693,2023-10-03,APAC,free
u_00694,user_694@outlook.com,User_694,2023-08-21,EU,free
u_00695,user_695@outlook.com,User_695,2023-12-01,APAC,enterprise
u_00696,user_696@outlook.com,User_696,2023-11-07,LATAM,free
u_00697,user_697@gmail.com,User_697,2023-02-03,US,basic
u_00698,user_698@outlook.com,User_698,2023-01-10,APAC,free
u_00699,user_699@outlook.com,User_699,2023-03-22,APAC,free
u_00700,user_700@verity.ai,User_700,2023-11-02,LATAM,basic
u_00701,user_701@verity.ai,User_701,2023-09-20,EU,basic
u_00702,user_702@verity.ai,User_702,2023-12-10,LATAM,basic
u_00703,user_703@outlook.com,User_703,2023-08-14,EU,enterprise
u_00704,user_704@gmail.com,User_704,2023-10-14,APAC,basic
u_00705,user_705@outlook.com,User_705,2023-05-16,EU,enterprise
u_00706,user_706@verity.ai,User_706,2023-08-22,APAC,premium
u_00707,user_707@outlook.com,User_707,2023-06-24,US,basic
u_00708,user_708@gmail.com,User_708,2023-08-29,US,enterprise
u_00709,user_709@gmail.com,User_709,2023-09-04,EU,enterprise
u_00710,user_710@verity.ai,User_710,2023-11-12,US,premium
u_00711,user_711@gmail.com,User_711,2023-10-21,APAC,basic
u_00712,user_712@gmail.com,User_712,2023-08-14,LATAM,free
u_00713,user_713@outlook.com,User_713,2023-08-13,EU,basic
u_00714,user_714@verity.ai,User_714,2023-02-24,US,premium
u_00715,user_715@yahoo.com,User_715,2023-10-19,LATAM,premium
u_00716,user_716@verity.ai,User_716,2023-08-27,LATAM,enterprise
u_00717,user_717@yahoo.com,User_717,2023-05-16,US,basic
u_00718,user_718@yahoo.com,User_718,2023-08-17,US,basic
u_00719,user_719@yahoo.com,User_719,2023-07-24,APAC,free
u_00720,user_720@verity.ai,User_720,2023-06-18,EU,enterprise
u_00721,user_721@gmail.com,User_721,2023-09-25,US,basic
u_00722,user_722@outlook.com,User_722,2023-10-10,LATAM,basic
u_00723,user_723@verity.ai,User_723,2023-01-31,EU,free
u_00724,user_724@yahoo.com,User_724,2023-09-08,LATAM,premium
u_00725,user_725@outlook.com,User_725,2023-09-21,APAC,free
u_00726,user_726@outlook.com,User_726,2023-04-27,US,basic
u_00727,user_727@outlook.com,User_727,2023-01-04,LATAM,premium
u_00728,user_728@gmail.com,User_728,2023-08-03,EU,free
u_00729,user_729@outlook.com,User_729,2023-11-25,US,enterprise
u_00730,user_730@outlook.com,User_730,2023-08-20,EU,enterprise
u_00731,user_731@yahoo.com,User_731,2023-12-18,EU,premium
u_00732,user_732@yahoo.com,User_732,2023-02-25,US,free
u_00733,user_733@yahoo.com,User_733,2023-02-28,LATAM,basic
u_00734,user_734@yahoo.com,User_734,2023-01-03,US,basic
u_00735,user_735@yahoo.com,User_735,2023-06-25,EU,enterprise
u_00736,user_736@verity.ai,User_736,2023-08-12,APAC,premium
u_00737,user_737@outlook.com,User_737,2023-10-01,LATAM,enterprise
u_00738,user_738@verity.ai,User_738,2023-10-01,LATAM,free
u_00739,user_739@verity.ai,User_739,2023-07-31,US,premium
u_00740,user_740@verity.ai,User_740,2023-07-18,APAC,premium
u_00741,user_741@outlook.com,User_741,2023-03-26,EU,basic
u_00742,user_742@gmail.com,User_742,2023-06-06,EU,free
u_00743,user_743@outlook.com,User_743,2023-11-27,APAC,enterprise
u_00744,user_744@yahoo.com,User_744,2023-11-18,EU,free
u_00745,user_745@yahoo.com,User_745,2023-07-26,EU,basic
u_00746,user_746@verity.ai,User_746,2023-08-30,APAC,free
u_00747,user_747@yahoo.com,User_747,2023-02-27,EU,premium
u_00748,user_748@outlook.com,User_748,2023-10-09,EU,basic
u_00749,user_749@gmail.com,User_749,2023-02-17,EU,premium
u_00750,user_750@outlook.com,User_750,2023-11-07,US,premium
u_00751,user_751@yahoo.com,User_751,2023-07-29,APAC,free
u_00752,user_752@verity.ai,User_752,2023-07-24,US,free
u_00753,user_753@outlook.com,User_753,2023-11-21,US,basic
u_00754,user_754@gmail.com,User_754,2023-03-12,APAC,free
u_00755,user_755@yahoo.com,User_755,2023-07-16,US,enterprise
u_00756,user_756@verity.ai,User_756,2023-02-02,US,enterprise
u_00757,user_757@gmail.com,User_757,2023-05-24,APAC,basic
u_00758,user_758@verity.ai,User_758,2023-08-31,US,enterprise
u_00759,user_759@outlook.com,User_759,2023-08-29,US,basic
u_00760,user_760@yahoo.com,User_760,2023-12-23,EU,free
u_00761,user_761@yahoo.com,User_761,2023-07-21,APAC,premium
u_00762,user_762@yahoo.com,User_762,2023-07-04,US,premium
u_00763,user_763@gmail.com,User_763,2023-01-01,US,basic
u_00764,user_764@outlook.com,User_764,2023-02-01,APAC,free
u_00765,user_765@yahoo.com,User_765,2023-06-28,EU,premium
u_00766,user_766@gmail.com,User_766,2023-12-12,US,free
u_00767,user_767@gmail.com,User_767,2023-12-03,APAC,free
u_00768,user_768@outlook.com,User_768,2023-08-31,APAC,premium
u_00769,user_769@gmail.com,User_769,2023-06-12,APAC,premium
u_00770,user_770@outlook.com,User_770,2023-06-16,LATAM,free
u_00771,user_771@outlook.com,User_771,2023-01-20,US,enterprise
u_00772,user_772@outlook.com,User_772,2023-03-24,EU,premium
u_00773,user_773@verity.ai,User_773,2023-11-10,EU,enterprise
u_00774,user_774@verity.ai,User_774,2023-04-28,US,premium
u_00775,user_775@verity.ai,User_775,2023-05-22,LATAM,basic
u_00776,user_776@yahoo.com,User_776,2023-06-18,US,basic
u_00777,user_777@verity.ai,User_777,2023-09-16,LATAM,basic
u_00778,user_778@outlook.com,User_778,2023-09-15,LATAM,basic
u_00779,user_779@outlook.com,User_779,2023-07-06,APAC,premium
u_00780,user_780@gmail.com,User_780,2023-02-08,US,premium
u_00781,user_781@outlook.com,User_781,2023-09-19,EU,enterprise
u_00782,user_782@verity.ai,User_782,2023-06-06,APAC,enterprise
u_00783,user_783@verity.ai,User_783,2023-12-06,LATAM,premium
u_00784,user_784@gmail.com,User_784,2023-05-25,US,enterprise
u_00785,user_785@yahoo.com,User_785,2023-05-10,APAC,premium
u_00786,user_786@verity.ai,User_786,2023-10-09,EU,basic
u_00787,user_787@verity.ai,User_787,2023-01-29,APAC,premium
u_00788,user_788@outlook.com,User_788,2023-05-10,LATAM,free
u_00789,user_789@yahoo.com,User_789,2023-03-10,LATAM,basic
u_00790,user_790@verity.ai,User_790,2023-01-08,US,premium
u_00791,user_791@verity.ai,User_791,2023-08-06,LATAM,enterprise
u_00792,user_792@gmail.com,User_792,2023-03-28,LATAM,enterprise
u_00793,user_793@verity.ai,User_793,2023-04-04,LATAM,enterprise
u_00794,user_794@verity.ai,User_794,2023-04-02,US,free
u_00795,user_795@yahoo.com,User_795,2023-07-30,US,free
u_00796,user_796@verity.ai,User_796,2023-05-11,EU,basic
u_00797,user_797@outlook.com,User_797,2023-11-09,EU,free
u_00798,user_798@outlook.com,User_798,2023-11-27,EU,enterprise
u_00799,user_799@outlook.com,User_799,2023-11-15,US,basic
u_00800,user_800@yahoo.com,User_800,2023-04-11,LATAM,enterprise
u_00801,user_801@yahoo.com,User_801,2023-02-15,LATAM,enterprise
u_00802,user_802@outlook.com,User_802,2023-01-22,LATAM,enterprise
u_00803,user_803@verity.ai,User_803,2023-01-16,EU,premium
u_00804,user_804@gmail.com,User_804,2023-05-29,LATAM,free
u_00805,user_805@verity.ai,User_805,2023-02-23,APAC,enterprise
u_00806,user_806@outlook.com,User_806,2023-05-31,US,free
u_00807,user_807@outlook.com,User_807,2023-06-20,APAC,enterprise
u_00808,user_808@verity.ai,User_808,2023-06-25,EU,free
u_00809,user_809@yahoo.com,User_809,2023-03-20,APAC,premium
u_00810,user_810@yahoo.com,User_810,2023-09-11,US,basic
u_00811,user_811@gmail.com,User_811,2023-12-16,EU,basic
u_00812,user_812@yahoo.com,User_812,2023-07-02,APAC,enterprise
u_00813,user_813@outlook.com,User_813,2023-06-27,LATAM,premium
u_00814,user_814@verity.ai,User_814,2023-10-23,US,premium
u_00815,user_815@outlook.com,User_815,2023-03-05,LATAM,enterprise
u_00816,user_816@outlook.com,User_816,2023-05-21,EU,premium
u_00817,user_817@outlook.com,User_817,2023-05-14,APAC,enterprise
u_00818,user_818@outlook.com,User_818,2023-08-23,EU,enterprise
u_00819,user_819@gmail.com,User_819,2023-06-04,LATAM,free
u_00820,user_820@verity.ai,User_820,2023-09-01,LATAM,basic
u_00821,user_821@gmail.com,User_821,2023-05-22,EU,premium
u_00822,user_822@yahoo.com,User_822,2023-06-14,APAC,basic
u_00823,user_823@gmail.com,User_823,2023-06-08,LATAM,basic
u_00824,user_824@outlook.com,User_824,2023-11-10,US,basic
u_00825,user_825@verity.ai,User_825,2023-09-16,APAC,basic
u_00826,user_826@verity.ai,User_826,2023-04-07,EU,basic
u_00827,user_827@verity.ai,User_827,2023-11-12,APAC,basic
u_00828,user_828@verity.ai,User_828,2023-08-08,EU,enterprise
u_00829,user_829@gmail.com,User_829,2023-09-23,EU,premium
u_00830,user_830@yahoo.com,User_830,2023-08-05,US,free
u_00831,user_831@gmail.com,User_831,2023-06-20,US,free
u_00832,user_832@gmail.com,User_832,2023-01-28,LATAM,basic
u_00833,user_833@outlook.com,User_833,2023-12-04,LATAM,basic
u_00834,user_834@verity.ai,User_834,2023-12-05,LATAM,basic
u_00835,user_835@yahoo.com,User_835,2023-03-30,US,premium
u_00836,user_836@gmail.com,User_836,2023-02-23,US,basic
u_00837,user_837@yahoo.com,User_837,2023-07-13,US,basic
u_00838,user_838@outlook.com,User_838,2023-06-17,APAC,free
u_00839,user_839@gmail.com,User_839,2023-06-14,EU,free
u_00840,user_840@yahoo.com,User_840,2023-09-06,EU,premium
u_00841,user_841@verity.ai,User_841,2023-10-21,APAC,free
u_00842,user_842@gmail.com,User_842,2023-07-26,US,basic
u_00843,user_843@verity.ai,User_843,2023-04-26,LATAM,free
u_00844,user_844@gmail.com,User_844,2023-03-10,US,basic
u_00845,user_845@verity.ai,User_845,2023-09-16,US,enterprise
u_00846,user_846@outlook.com,User_846,2023-10-08,LATAM,basic
u_00847,user_847@yahoo.com,User_847,2023-04-04,LATAM,enterprise
u_00848,user_848@yahoo.com,User_848,2023-01-03,APAC,enterprise
u_00849,user_849@verity.ai,User_849,2023-05-10,EU,premium
u_00850,user_850@verity.ai,User_850,2023-03-19,EU,free
u_00851,user_851@verity.ai,User_851,2023-07-06,APAC,enterprise
u_00852,user_852@verity.ai,User_852,2023-08-18,EU,premium
u_00853,user_853@verity.ai,User_853,2023-10-07,APAC,premium
u_00854,user_854@gmail.com,User_854,2023-11-28,APAC,basic
u_00855,user_855@yahoo.com,User_855,2023-07-16,EU,premium
u_00856,user_856@gmail.com,User_856,2023-02-10,EU,basic
u_00857,user_857@gmail.com,User_857,2023-03-06,EU,enterprise
u_00858,user_858@gmail.com,User_858,2023-02-09,APAC,basic
u_00859,user_859@yahoo.com,User_859,2023-10-12,APAC,free
u_00860,user_860@yahoo.com,User_860,2023-09-02,APAC,free
u_00861,user_861@gmail.com,User_861,2023-10-30,US,basic
u_00862,user_862@gmail.com,User_862,2023-10-20,LATAM,free
u_00863,user_863@gmail.com,User_863,2023-06-01,LATAM,free
u_00864,user_864@outlook.com,User_864,2023-11-03,APAC,basic
u_00865,user_865@yahoo.com,User_865,2023-02-25,US,premium
u_00866,user_866@verity.ai,User_866,2023-11-03,LATAM,premium
u_00867,user_867@yahoo.com,User_867,2023-06-19,EU,enterprise
u_00868,user_868@verity.ai,User_868,2023-02-08,EU,free
u_00869,user_869@verity.ai,User_869,2023-01-10,LATAM,premium
u_00870,user_870@yahoo.com,User_870,2023-04-30,APAC,enterprise
u_00871,user_871@gmail.com,User_871,2023-06-06,US,premium
u_00872,user_872@verity.ai,User_872,2023-12-13,APAC,basic
u_00873,user_873@verity.ai,User_873,2023-10-17,LATAM,basic
u_00874,user_874@gmail.com,User_874,2023-05-12,EU,premium
u_00875,user_875@yahoo.com,User_875,2023-09-24,US,basic
u_00876,user_876@outlook.com,User_876,2023-05-07,EU,basic
u_00877,user_877@verity.ai,User_877,2023-04-17,APAC,free
u_00878,user_878@verity.ai,User_878,2023-08-30,EU,enterprise
u_00879,user_879@gmail.com,User_879,2023-03-11,US,basic
u_00880,user_880@gmail.com,User_880,2023-12-01,EU,free
u_00881,user_881@gmail.com,User_881,2023-08-10,LATAM,premium
u_00882,user_882@outlook.com,User_882,2023-04-01,APAC,basic
u_00883,user_883@outlook.com,User_883,2023-05-18,EU,basic
u_00884,user_884@outlook.com,User_884,2023-06-02,APAC,basic
u_00885,user_885@yahoo.com,User_885,2023-09-08,LATAM,premium
u_00886,user_886@yahoo.com,User_886,2023-01-10,APAC,basic
u_00887,user_887@yahoo.com,User_887,2023-04-27,APAC,free
u_00888,user_888@gmail.com,User_888,2023-09-15,APAC,enterprise
u_00889,user_889@gmail.com,User_889,2023-05-11,US,basic
u_00890,user_890@verity.ai,User_890,2023-02-04,LATAM,basic
u_00891,user_891@gmail.com,User_891,2023-12-27,LATAM,basic
u_00892,user_892@yahoo.com,User_892,2023-07-07,US,enterprise
u_00893,user_893@outlook.com,User_893,2023-04-11,APAC,basic
u_00894,user_894@gmail.com,User_894,2023-03-17,APAC,enterprise
u_00895,user_895@verity.ai,User_895,2023-08-31,LATAM,free
u_00896,user_896@verity.ai,User_896,2023-05-09,APAC,enterprise
u_00897,user_897@verity.ai,User_897,2023-04-15,LATAM,premium
u_00898,user_898@yahoo.com,User_898,2023-10-21,APAC,premium
u_00899,user_899@yahoo.com,User_899,2023-06-10,LATAM,enterprise
u_00900,user_900@verity.ai,User_900,2023-05-07,EU,premium
u_00901,user_901@yahoo.com,User_901,2023-03-03,APAC,basic
u_00902,user_902@verity.ai,User_902,2023-12-17,EU,enterprise
u_00903,user_903@yahoo.com,User_903,2023-04-05,US,premium
u_00904,user_904@gmail.com,User_904,2023-05-12,LATAM,enterprise
u_00905,user_905@verity.ai,User_905,2023-01-24,LATAM,premium
u_00906,user_906@yahoo.com,User_906,2023-06-28,US,free
u_00907,user_907@outlook.com,User_907,2023-01-27,EU,enterprise
u_00908,user_908@verity.ai,User_908,2023-04-04,LATAM,basic
u_00909,user_909@yahoo.com,User_909,2023-03-07,US,enterprise
u_00910,user_910@gmail.com,User_910,2023-04-13,EU,free
u_00911,user_911@gmail.com,User_911,2023-03-23,US,enterprise
u_00912,user_912@outlook.com,User_912,2023-03-26,EU,free
u_00913,user_913@verity.ai,User_913,2023-12-07,US,basic
u_00914,user_914@verity.ai,User_914,2023-03-25,LATAM,premium
u_00915,user_915@yahoo.com,User_915,2023-05-08,EU,free
u_00916,user_916@yahoo.com,User_916,2023-06-16,APAC,enterprise
u_00917,user_917@yahoo.com,User_917,2023-10-16,LATAM,basic
u_00918,user_918@outlook.com,User_918,2023-10-09,LATAM,basic
u_00919,user_919@outlook.com,User_919,2023-11-27,LATAM,premium
u_00920,user_920@yahoo.com,User_920,2023-09-28,US,premium
u_00921,user_921@outlook.com,User_921,2023-10-22,EU,premium
u_00922,user_922@verity.ai,User_922,2023-09-26,EU,basic
u_00923,user_923@yahoo.com,User_923,2023-02-27,APAC,basic
u_00924,user_924@outlook.com,User_924,2023-04-24,LATAM,enterprise
u_00925,user_925@verity.ai,User_925,2023-04-21,LATAM,enterprise
u_00926,user_926@gmail.com,User_926,2023-12-10,APAC,basic
u_00927,user_927@verity.ai,User_927,2023-10-03,APAC,enterprise
u_00928,user_928@verity.ai,User_928,2023-06-27,EU,enterprise
u_00929,user_929@verity.ai,User_929,2023-11-29,LATAM,free
u_00930,user_930@gmail.com,User_930,2023-02-13,LATAM,free
u_00931,user_931@verity.ai,User_931,2023-09-20,US,premium
u_00932,user_932@yahoo.com,User_932,2023-05-04,LATAM,free
u_00933,user_933@yahoo.com,User_933,2023-11-03,US,basic
u_00934,user_934@gmail.com,User_934,2023-06-05,US,premium
u_00935,user_935@gmail.com,User_935,2023-10-09,APAC,premium
u_00936,user_936@outlook.com,User_936,2023-04-09,US,basic
u_00937,user_937@verity.ai,User_937,2023-01-19,US,free
u_00938,user_938@yahoo.com,User_938,2023-10-08,APAC,basic
u_00939,user_939@yahoo.com,User_939,2023-05-11,US,premium
u_00940,user_940@gmail.com,User_940,2023-04-02,EU,free
u_00941,user_941@yahoo.com,User_941,2023-05-30,APAC,enterprise
u_00942,user_942@gmail.com,User_942,2023-03-08,APAC,free
u_00943,user_943@gmail.com,User_943,2023-12-25,EU,premium
u_00944,user_944@verity.ai,User_944,2023-10-09,US,premium
u_00945,user_945@outlook.com,User_945,2023-03-24,EU,basic
u_00946,user_946@yahoo.com,User_946,2023-10-13,EU,basic
u_00947,user_947@outlook.com,User_947,2023-03-07,US,enterprise
u_00948,user_948@outlook.com,User_948,2023-02-11,EU,basic
u_00949,user_949@outlook.com,User_949,2023-08-22,LATAM,enterprise
u_00950,user_950@verity.ai,User_950,2023-03-17,LATAM,basic
u_00951,user_951@gmail.com,User_951,2023-01-16,APAC,enterprise
u_00952,user_952@yahoo.com,User_952,2023-07-06,LATAM,enterprise
u_00953,user_953@verity.ai,User_953,2023-06-06,LATAM,enterprise
u_00954,user_954@outlook.com,User_954,2023-02-12,US,premium
u_00955,user_955@outlook.com,User_955,2023-10-08,EU,free
u_00956,user_956@verity.ai,User_956,2023-10-26,LATAM,free
u_00957,user_957@gmail.com,User_957,2023-08-19,EU,free
u_00958,user_958@outlook.com,User_958,2023-03-14,US,free
u_00959,user_959@gmail.com,User_959,2023-09-23,LATAM,enterprise
u_00960,user_960@verity.ai,User_960,2023-01-20,APAC,free
u_00961,user_961@outlook.com,User_961,2023-05-06,US,enterprise
u_00962,user_962@gmail.com,User_962,2023-07-26,EU,free
u_00963,user_963@outlook.com,User_963,2023-01-19,US,premium
u_00964,user_964@gmail.com,User_964,2023-02-21,APAC,basic
u_00965,user_965@outlook.com,User_965,2023-05-08,EU,enterprise
u_00966,user_966@yahoo.com,User_966,2023-01-31,EU,enterprise
u_00967,user_967@gmail.com,User_967,2023-11-24,LATAM,basic
u_00968,user_968@gmail.com,User_968,2023-04-01,EU,basic
u_00969,user_969@gmail.com,User_969,2023-10-02,EU,premium
u_00970,user_970@gmail.com,User_970,2023-10-14,US,enterprise
u_00971,user_971@yahoo.com,User_971,2023-04-15,APAC,basic
u_00972,user_972@outlook.com,User_972,2023-08-08,APAC,premium
u_00973,user_973@yahoo.com,User_973,2023-07-30,US,free
u_00974,user_974@gmail.com,User_974,2023-03-30,APAC,premium
u_00975,user_975@verity.ai,User_975,2023-09-30,EU,basic
u_00976,user_976@outlook.com,User_976,2023-02-18,EU,enterprise
u_00977,user_977@outlook.com,User_977,2023-08-31,US,premium
u_00978,user_978@yahoo.com,User_978,2023-03-24,US,basic
u_00979,user_979@yahoo.com,User_979,2023-02-18,APAC,free
u_00980,user_980@outlook.com,User_980,2023-10-16,US,premium
u_00981,user_981@yahoo.com,User_981,2023-04-30,APAC,free
u_00982,user_982@outlook.com,User_982,2023-05-19,US,free
u_00983,user_983@yahoo.com,User_983,2023-08-21,EU,enterprise
u_00984,user_984@yahoo.com,User_984,2023-12-19,US,free
u_00985,user_985@yahoo.com,User_985,2023-11-17,LATAM,enterprise
u_00986,user_986@verity.ai,User_986,2023-04-03,EU,enterprise
u_00987,user_987@gmail.com,User_987,2023-11-24,EU,basic
u_00988,user_988@verity.ai,User_988,2023-10-07,US,enterprise
u_00989,user_989@verity.ai,User_989,2023-09-26,APAC,enterprise
u_00990,user_990@outlook.com,User_990,2023-09-30,LATAM,free
u_00991,user_991@yahoo.com,User_991,2023-09-19,APAC,premium
u_00992,user_992@outlook.com,User_992,2023-07-30,EU,free
u_00993,user_993@verity.ai,User_993,2023-01-09,US,basic
u_00994,user_994@verity.ai,User_994,2023-09-09,EU,enterprise
u_00995,user_995@yahoo.com,User_995,2023-11-21,US,premium
u_00996,user_996@yahoo.com,User_996,2023-03-28,LATAM,enterprise
u_00997,user_997@yahoo.com,User_997,2023-02-04,APAC,enterprise
u_00998,user_998@outlook.com,User_998,2023-07-28,US,basic
u_00999,user_999@outlook.com,User_999,2023-06-30,LATAM,free
